date,ticker,open,high,low,close,volume
2020-10-27,AAPL,115.11907406610139,116.90332596483336,114.17212826066233,116.22550964355469,92276800
2020-10-28,AAPL,114.68049055616365,115.05926735126171,110.74317242798695,110.84284973144531,143937800
2020-10-29,AAPL,112.00909331617943,116.55444509670713,111.83963354163905,114.94961547851562,146129200
2020-10-30,AAPL,110.70329164826492,111.63030494990427,107.37402281316912,,190272600
2020-11-02,AAPL,108.75956625545085,110.32452349928825,106.97531438045687,,122866900
2020-11-03,AAPL,109.30779543806835,111.13191202723308,108.3807821267363,,107624400
2020-11-04,AAPL,,115.21874677028138,111.98915506486541,,138235500
2020-11-05,AAPL,,119.23580643740482,116.49463890543673,,126387100
2020-11-06,AAPL,,119.02214249610826,115.95672344832894,,114457900
2020-11-09,AAPL,,121.80797656210882,115.87684481761472,,154515300
2020-11-10,AAPL,,117.41454453347052,113.95970798919319,,138023400
2020-11-11,AAPL,,119.45149703918226,116.26626202630477,,112295000
2020-11-12,AAPL,,120.35015752065344,118.39308292556818,,103162300
2020-11-13,AAPL,,119.49143841530626,117.69412876835943,,81581900
2020-11-16,AAPL,,120.80947157383169,117.97371272673674,,91183000
2020-11-17,AAPL,,120.48994958293325,118.78250194390613,,74271000
2020-11-18,AAPL,,119.6412195697394,117.82393544638843,117.85388946533203,76322100
2020-11-19,AAPL,,118.88235368699276,116.63571080709437,118.46298217773438,74113000
2020-11-20,AAPL,,118.59278363854617,117.11499616643329,117.1649169921875,73604300
2020-11-23,AAPL,,117.44450140749055,113.58027310954355,113.68012237548828,127959300
2020-11-24,AAPL,,115.67713936721066,112.42200146115039,114.99815368652344,113874200
2020-11-25,AAPL,115.37759302382497,116.57579947875776,114.99815513928793,115.85687255859375,76499200
2020-11-27,AAPL,116.39606407797456,117.31468950565338,116.04658784114137,116.41603088378906,46691300
2020-11-30,AAPL,116.79546961050283,120.78950118754383,116.63570469077608,118.87236785888672,169410200
2020-12-01,AAPL,120.82944808681562,123.28577670778594,119.8309401457052,122.53689575195312,128166800
2020-12-02,AAPL,121.83793111661059,123.18592288166762,120.7096199273665,122.89635467529297,89004200
2020-12-03,AAPL,123.33569772574727,123.5953119238826,122.02765475862292,122.7565689086914,78967600
2020-12-04,AAPL,122.41707269315073,122.67668689223262,121.3386822828208,122.06759643554688,78260400
2020-12-07,AAPL,122.12749957084807,124.38412957192692,122.06759153423889,123.56535339355469,86712000
2020-12-08,AAPL,124.18443263722241,124.793523077296,122.90633610168368,,82225500
2020-12-09,AAPL,124.34418618418464,125.76206555808128,120.81945455529613,,115089200
2020-12-10,AAPL,120.32020462303923,123.68517906327952,119.97072837387739,,81312200
2020-12-11,AAPL,122.24732276314923,122.57683219917647,120.37013064961867,,86939800
2020-12-14,AAPL,122.4170656539128,123.16594657057786,121.35864972945625,121.5982894897461,79184500
2020-12-15,AAPL,124.15446725515407,127.70916052005632,123.94478151263627,127.6891860961914,157572300
2020-12-16,AAPL,127.21989614432091,128.17845520329686,126.37115832858332,127.61929321289062,98208600
2020-12-17,AAPL,128.7076636228698,129.386656925025,127.84894621003981,128.50796508789062,94359800
2020-12-18,AAPL,128.76758717751528,128.90737767590872,125.93182074293927,126.47101593017578,192541500
2020-12-21,AAPL,124.83345627606445,128.11854823306757,123.26579915304578,128.03866577148438,121251600
2020-12-22,AAPL,131.413626138315,134.20945132274937,129.4565439384045,131.6832275390625,168904800
2020-12-23,AAPL,131.96280910651203,132.23239527240779,130.58486331451405,130.7646026611328,88223700
2020-12-24,AAPL,131.12406251826343,133.26086877859598,130.90438956510596,131.77308654785156,54930100
2020-12-28,AAPL,133.7900850619683,137.13507753676635,133.31079027833763,136.48605346679688,124486200
2020-12-29,AAPL,137.84402540760468,138.58291153881558,134.1395542129394,134.66876220703125,121047300
2020-12-30,AAPL,135.37770259402348,135.7870944887121,133.20094745437817,133.52047729492188,96452100
2020-12-31,AAPL,133.87994506641033,134.5389639567753,131.52346574245658,132.4920196533203,99116600
2021-01-04,AAPL,133.32078727623104,133.41064933611437,126.57087132392054,129.2169189453125,143301900
2021-01-05,AAPL,,131.54343589523126,128.23836195640877,130.81451416015625,97664900
2021-01-06,AAPL,,130.85446715002885,126.19142933164775,126.41110229492188,155088000
2021-01-07,AAPL,,131.43360247892267,127.66922335175019,130.7246551513672,109578200
2021-01-08,AAPL,,132.43210269724648,130.03567468530198,131.85296630859375,105158200
2021-01-11,AAPL,,129.9757787851119,128.30827232715944,128.7875518798828,100620900
2021-01-12,AAPL,,129.4964900115058,126.67071086932953,128.60781860351562,91951100
2021-01-13,AAPL,,131.25386415061908,128.2982892145102,130.6947021484375,88636800
2021-01-14,AAPL,130.60484608799663,130.80454463565573,128.56788128821532,128.71766662597656,90221800
2021-01-15,AAPL,128.58784685019256,130.0257006718624,126.8105039973011,126.9502944946289,111598500
2021-01-19,AAPL,127.58933852545866,128.51795879724472,126.75059554424776,127.63926696777344,90757300
2021-01-20,AAPL,128.46802591508452,132.2923128767027,128.35818944019655,131.83299255371094,104319500
2021-01-21,AAPL,133.60036015215695,139.46159665335708,133.39066678917416,136.665771484375,120529500
2021-01-22,AAPL,136.07665743674738,139.64133800657282,134.81854294882046,138.8625030517578,114459400
2021-01-25,AAPL,142.8565419282257,144.87351704847038,136.3362708967877,142.70675659179688,157611700
2021-01-26,AAPL,143.38574179163913,144.08469428056338,141.15905818517976,,98390600
2021-01-27,AAPL,143.21598874322635,144.08470102500132,140.20050568757023,141.84803771972656,140843800
2021-01-28,AAPL,139.3118345305578,141.77815040506778,136.49603477642844,136.8854522705078,142621100
2021-01-29,AAPL,135.62732794190708,136.53597377453215,130.01571849984316,131.7631072998047,177180600
2021-02-01,AAPL,133.5504323797557,135.17800514148072,130.73463277255203,133.93984985351562,106239800
2021-02-02,AAPL,135.52747558658223,136.10661200795388,134.40915159277307,134.78858947753906,83305400
2021-02-03,AAPL,135.55743463846937,135.56742946908486,133.410648627211,133.7401580810547,89880900
2021-02-04,AAPL,136.09662762179565,137.19497715246507,134.38917243648962,137.18499755859375,84183100
2021-02-05,AAPL,137.35000610351562,137.4199981689453,135.86000061035156,136.75999450683594,75524000
2021-02-08,AAPL,136.02999877929688,136.9600067138672,134.9199981689453,,71297200
2021-02-09,AAPL,136.6199951171875,137.8800048828125,135.85000610351562,,76774200
2021-02-10,AAPL,136.47999572753906,136.99000549316406,134.39999389648438,,73046600
2021-02-11,AAPL,135.89999389648438,136.38999938964844,133.77000427246094,135.1300048828125,64154400
2021-02-12,AAPL,134.35000610351562,135.52999877929688,133.69000244140625,135.3699951171875,60029300
2021-02-16,AAPL,135.49000549316406,136.00999450683594,132.7899932861328,133.19000244140625,80576300
2021-02-17,AAPL,131.25,132.22000122070312,129.47000122070312,130.83999633789062,97918500
2021-02-18,AAPL,129.1999969482422,130.0,127.41000366210938,129.7100067138672,96856700
2021-02-19,AAPL,130.24000549316406,130.7100067138672,128.8000030517578,129.8699951171875,87668800
2021-02-22,AAPL,128.00999450683594,129.72000122070312,125.5999984741211,126.0,103916400
2021-02-23,AAPL,123.76000213623047,126.70999908447266,118.38999938964844,125.86000061035156,158273000
2021-02-24,AAPL,124.94000244140625,125.55999755859375,122.2300033569336,125.3499984741211,111039900
2021-02-25,AAPL,124.68000030517578,126.45999908447266,120.54000091552734,120.98999786376953,148199500
2021-02-26,AAPL,122.58999633789062,124.8499984741211,121.19999694824219,121.26000213623047,164320000
2021-03-01,AAPL,,127.93000030517578,122.79000091552734,127.79000091552734,115998300
2021-03-02,AAPL,,128.72000122070312,125.01000213623047,125.12000274658203,102015300
2021-03-03,AAPL,,125.70999908447266,121.83999633789062,122.05999755859375,112430400
2021-03-04,AAPL,121.75,123.5999984741211,118.62000274658203,120.12999725341797,177275300
2021-03-05,AAPL,120.9800033569336,121.94000244140625,117.56999969482422,,153590400
2021-03-08,AAPL,120.93000030517578,121.0,116.20999908447266,116.36000061035156,153918600
2021-03-09,AAPL,119.02999877929688,122.05999755859375,118.79000091552734,121.08999633789062,129159600
2021-03-10,AAPL,121.69000244140625,122.16999816894531,119.44999694824219,119.9800033569336,111760400
2021-03-11,AAPL,122.54000091552734,123.20999908447266,121.26000213623047,121.95999908447266,102753600
2021-03-12,AAPL,120.4000015258789,121.16999816894531,119.16000366210938,121.02999877929688,87963400
2021-03-15,AAPL,121.41000366210938,124.0,120.41999816894531,123.98999786376953,92403800
2021-03-16,AAPL,125.69999694824219,127.22000122070312,124.72000122070312,125.56999969482422,114740000
2021-03-17,AAPL,124.05000305175781,125.86000061035156,122.33999633789062,124.76000213623047,111437500
2021-03-18,AAPL,122.87999725341797,123.18000030517578,120.31999969482422,120.52999877929688,121229700
2021-03-19,AAPL,119.9000015258789,121.43000030517578,119.68000030517578,119.98999786376953,185023200
2021-03-22,AAPL,120.33000183105469,123.87000274658203,120.26000213623047,123.38999938964844,111912300
2021-03-23,AAPL,123.33000183105469,124.23999786376953,122.13999938964844,122.54000091552734,95467100
2021-03-24,AAPL,122.81999969482422,122.9000015258789,120.06999969482422,120.08999633789062,88530500
2021-03-25,AAPL,119.54000091552734,121.66000366210938,119.0,120.58999633789062,98844700
2021-03-26,AAPL,120.3499984741211,121.4800033569336,118.91999816894531,121.20999908447266,93958900
2021-03-29,AAPL,121.6500015258789,122.58000183105469,120.7300033569336,121.38999938964844,80819200
2021-03-30,AAPL,120.11000061035156,120.4000015258789,118.86000061035156,119.9000015258789,85671900
2021-03-31,AAPL,121.6500015258789,123.5199966430664,121.1500015258789,122.1500015258789,118323800
2021-04-01,AAPL,123.66000366210938,124.18000030517578,122.48999786376953,123.0,74957400
2021-04-05,AAPL,123.87000274658203,126.16000366210938,123.06999969482422,125.9000015258789,88651200
2021-04-06,AAPL,,127.12999725341797,125.6500015258789,126.20999908447266,80171300
2021-04-07,AAPL,,127.91999816894531,125.13999938964844,127.9000015258789,83466700
2021-04-08,AAPL,,130.38999938964844,128.52000427246094,130.36000061035156,88844600
2021-04-09,AAPL,129.8000030517578,133.0399932861328,129.47000122070312,133.0,106513800
2021-04-12,AAPL,132.52000427246094,132.85000610351562,130.6300048828125,131.24000549316406,91420000
2021-04-13,AAPL,132.44000244140625,134.66000366210938,131.92999267578125,134.42999267578125,91266500
2021-04-14,AAPL,134.94000244140625,135.0,131.66000366210938,132.02999877929688,87222800
2021-04-15,AAPL,133.82000732421875,135.0,133.63999938964844,134.5,89347100
2021-04-16,AAPL,134.3000030517578,134.6699981689453,133.27999877929688,134.16000366210938,84818500
2021-04-19,AAPL,133.50999450683594,135.47000122070312,133.33999633789062,134.83999633789062,94264200
2021-04-20,AAPL,135.02000427246094,135.52999877929688,131.80999755859375,133.11000061035156,94812300
2021-04-21,AAPL,132.36000061035156,133.75,131.3000030517578,133.5,68847100
2021-04-22,AAPL,133.0399932861328,134.14999389648438,131.41000366210938,131.94000244140625,84566500
2021-04-23,AAPL,132.16000366210938,135.1199951171875,132.16000366210938,134.32000732421875,78657500
2021-04-26,AAPL,134.8300018310547,135.05999755859375,133.55999755859375,134.72000122070312,66684300
2020-10-27,MSFT,210.55255743608112,213.6174578267441,209.29874076061756,212.2044219970703,36700300
2020-10-28,MSFT,206.65177254523448,207.81603410260462,201.10909067720883,201.6862335205078,51195600
2020-10-29,MSFT,203.06942540834265,206.34328742742343,202.37284545264728,203.7162322998047,31432600
2020-10-30,MSFT,202.50222830168855,203.28834820726726,198.64124729632755,201.47727966308594,36953700
2020-11-02,MSFT,203.28833302360005,204.2734843917713,199.13878089507736,201.33795166015625,30842200
2020-11-03,MSFT,202.89030722354974,207.09956287749955,202.12407835567632,205.4178466796875,27512000
2020-11-04,MSFT,212.9706352985895,217.24955485487968,211.37847424100192,215.32901000976562,42311800
2020-11-05,MSFT,220.9513192469731,223.02112271708677,220.06568357223944,222.1951904296875,36080100
2020-11-06,MSFT,221.17022925257527,223.25993879466776,216.96097366038882,222.62307739257812,25231900
2020-11-09,MSFT,223.3395532177833,227.00150256332506,216.81171990861833,217.3192138671875,44395000
2020-11-10,MSFT,213.44828115713418,215.43847492083705,208.69171927660216,209.9753875732422,44045100
2020-11-11,MSFT,211.34862874964887,216.97092012823276,211.15955791031698,215.4882354736328,29440800
2020-11-12,MSFT,216.14500804576872,218.0356861146825,213.40849152372434,214.38368225097656,21593900
2020-11-13,MSFT,215.29916683090684,216.35396712007412,213.10995667814805,215.44842529296875,18621100
2020-11-16,MSFT,213.81647237253216,216.67241088516252,213.46819755760836,216.16490173339844,24953300
2020-11-17,MSFT,215.04045139029913,216.61269116861666,213.0303513519296,213.4084930419922,24154100
2020-11-18,MSFT,213.15905730077256,214.6755688246058,210.4453062470611,210.594970703125,28372800
2020-11-19,MSFT,210.8942812481896,212.54048367426998,209.44760097976737,211.931884765625,24792700
2020-11-20,MSFT,211.71239363532393,212.7998853274414,209.51745194540314,209.90655517578125,22843100
2020-11-23,MSFT,210.4652634096157,211.80218062365702,207.68168113717283,209.627197265625,25683500
2020-11-24,MSFT,209.10838373361017,213.75767926776078,208.3800654484567,213.3685760498047,33979700
2020-11-25,MSFT,214.61571145221424,214.7952905329607,211.97180682749055,213.37855529785156,21012900
2020-11-27,MSFT,214.3563113944491,215.77304660987812,213.5481598711359,214.7354278564453,14512200
2020-11-30,MSFT,213.60802432733155,214.26649613907003,210.35550575904026,213.57809448242188,33064800
2020-12-01,MSFT,214.01707477097563,216.82063049632927,212.85975188997134,215.7131805419922,30931300
2020-12-02,MSFT,214.38624250203296,214.9748831158458,212.31102020668558,214.87510681152344,23724500
2020-12-03,MSFT,214.11685610051404,215.88279314457523,213.15905535113595,213.74771118164062,25120900
2020-12-04,MSFT,213.72775394977728,214.885092087502,212.69013519742873,213.867431640625,24666000
2020-12-07,MSFT,213.87739489936564,215.04470453276028,212.5005763496757,213.79757690429688,24620000
2020-12-08,MSFT,213.4783205040232,216.45146851259858,212.40080040438545,215.5136260986328,23284100
2020-12-09,MSFT,214.66558839490537,214.73541962586236,210.7246681280323,211.3133087158203,32440600
2020-12-10,MSFT,211.2833825346993,212.5903698780805,209.8766188896767,210.0362548828125,26733300
2020-12-11,MSFT,209.56732803857219,212.82981815091696,208.6294856337487,212.7699432373047,30979400
2020-12-14,MSFT,212.6103309756142,215.71318522321107,212.39083528810116,213.70779418945312,28798400
2020-12-15,MSFT,214.6755581934305,214.92498371745833,211.75229835921266,213.63795471191406,27018100
2020-12-16,MSFT,214.2565335911165,219.60421764615813,214.22660374495064,218.776123046875,35023300
2020-12-17,MSFT,219.36476492076156,220.38242536746012,217.41924879010736,218.91580200195312,32515800
2020-12-18,MSFT,218.08770751953125,219.1851859649876,215.5236209314764,218.08770751953125,63354900
2020-12-21,MSFT,217.05009459131145,223.48527008242172,216.780710762051,222.07850646972656,37181900
2020-12-22,MSFT,222.17828738989718,225.1115340565302,221.34022126335236,223.4254150390625,22612200
2020-12-23,MSFT,222.5973245514053,223.04628746862545,220.2926350491124,220.5121307373047,18699600
2020-12-24,MSFT,220.91119829420938,223.09616834027162,220.69170261317956,222.23814392089844,10550600
2020-12-28,MSFT,223.93423164757854,225.51060278079174,222.50752496249632,224.4430694580078,17933500
2020-12-29,MSFT,225.78995838897225,226.65795433889716,223.06623593582026,223.63491821289062,17403200
2020-12-30,MSFT,224.71243874610815,225.1115287186134,220.9610843469136,221.17059326171875,20272300
2020-12-31,MSFT,221.1905582807072,222.48757408920116,219.17519572362355,221.90890502929688,20942100
2021-01-04,MSFT,222.0186480915487,222.48756929855134,214.31638662708193,217.1897735595703,37130100
2021-01-05,MSFT,216.7607632263212,218.017877676174,215.20435031100493,217.3992919921875,23823000
2021-01-06,MSFT,211.68245007256124,215.99253039783827,211.45298285508537,211.76226806640625,35930700
2021-01-07,MSFT,213.54815706362342,218.83598139382437,213.21892875782328,217.78839111328125,27694500
2021-01-08,MSFT,218.1774987302617,220.0731419484173,216.53129627319063,219.11534118652344,22956200
2021-01-11,MSFT,217.96797816659637,218.40696952470418,216.23197103873173,216.990234375,23047000
2021-01-12,MSFT,216.00251110136756,216.60113846873716,212.82982563599708,214.4361114501953,23249300
2021-01-13,MSFT,213.52821916908553,216.26191332667443,213.4384144052322,215.84288024902344,20087100
2021-01-14,MSFT,215.41387620061778,216.9603175874859,212.25116219228482,212.530517578125,29480800
2021-01-15,MSFT,213.0293576186083,214.01707295889315,211.54277600234013,212.16134643554688,31746500
2021-01-19,MSFT,213.2588211612697,216.48139464061902,212.14139969508125,215.94264221191406,30480900
2021-01-20,MSFT,217.19975183791087,225.2711584598283,216.79069030869107,223.82449340820312,37777300
2021-01-21,MSFT,224.183664869149,225.7799943616757,221.90890523772052,224.4530487060547,30749600
2021-01-22,MSFT,226.55819437581724,229.54132913115782,225.2811369075136,225.4307861328125,30172700
2021-01-25,MSFT,228.59350195886475,229.25198900339393,223.70476772245937,229.0025634765625,33152100
2021-01-26,MSFT,231.32722134923776,233.64188242331423,229.55131273828349,231.796142578125,49169600
2021-01-27,MSFT,237.45310939274472,239.88750505088677,229.61116996099327,232.3648223876953,69870600
2021-01-28,MSFT,235.06860298161325,242.0824478427433,234.54979360359363,238.38096618652344,49111200
2021-01-29,MSFT,235.4477249547249,237.47305900752724,230.81838780207298,231.42698669433594,42468900
2021-02-01,MSFT,234.51985517515303,241.9427612977758,231.89589375835183,239.09930419921875,33314200
2021-02-02,MSFT,240.74552053405986,241.75319417769677,238.14151743589778,238.95962524414062,25916300
2021-02-03,MSFT,239.01950884230985,244.52681369068858,238.71020839116707,242.44161987304688,27158100
2021-02-04,MSFT,242.10240346071018,242.68107252520701,239.81765704884106,241.45388793945312,25296100
2021-02-05,MSFT,241.67337772136344,242.72096798108288,239.86753933896594,241.64344787597656,18043900
2021-02-08,MSFT,242.59127195223914,243.12005287442787,240.25665257234257,241.912841796875,22211900
2021-02-09,MSFT,241.31421093201087,244.1975694981245,240.82534662821286,243.20985412597656,23565000
2021-02-10,MSFT,244.43702252660202,245.35490666189554,240.3364661520026,242.2620391845703,22186700
2021-02-11,MSFT,244.21751904950423,244.5866639552587,241.59355765244717,243.92819213867188,15742200
2021-02-12,MSFT,243.36947069492402,244.7363329507317,242.1722311963053,244.4270477294922,16552000
2021-02-16,MSFT,244.4669450131215,245.56442341561075,242.36179296742,243.13999938964844,26728500
2021-02-17,MSFT,241.32000732421875,244.30999755859375,240.94000244140625,244.1999969482422,21653500
2021-02-18,MSFT,241.8000030517578,243.92999267578125,240.86000061035156,243.7899932861328,16925600
2021-02-19,MSFT,243.75,243.86000061035156,240.17999267578125,240.97000122070312,25262600
2021-02-22,MSFT,237.4199981689453,237.92999267578125,232.39999389648438,234.50999450683594,36446900
2021-02-23,MSFT,230.3300018310547,234.8300018310547,228.72999572753906,233.27000427246094,30228700
2021-02-24,MSFT,230.00999450683594,235.1999969482422,229.0,234.5500030517578,26339700
2021-02-25,MSFT,232.0800018310547,234.58999633789062,227.8800048828125,228.99000549316406,39542200
2021-02-26,MSFT,231.52999877929688,235.3699951171875,229.5399932861328,232.3800048828125,37811200
2021-03-01,MSFT,235.89999389648438,237.47000122070312,233.14999389648438,236.94000244140625,25324000
2021-03-02,MSFT,237.00999450683594,237.3000030517578,233.4499969482422,233.8699951171875,22785500
2021-03-03,MSFT,232.16000366210938,233.5800018310547,227.25999450683594,227.55999755859375,33950400
2021-03-04,MSFT,226.74000549316406,232.49000549316406,224.25999450683594,226.72999572753906,44584200
2021-03-05,MSFT,229.52000427246094,233.27000427246094,226.4600067138672,231.60000610351562,41842100
2021-03-08,MSFT,231.3699951171875,233.3699951171875,227.1300048828125,227.38999938964844,35245900
2021-03-09,MSFT,232.8800048828125,235.3800048828125,231.6699981689453,233.77999877929688,33034000
2021-03-10,MSFT,237.0,237.0,232.0399932861328,232.4199981689453,29733000
2021-03-11,MSFT,234.9600067138672,239.1699981689453,234.30999755859375,237.1300048828125,29896000
2021-03-12,MSFT,234.00999450683594,235.82000732421875,233.22999572753906,235.75,22647900
2021-03-15,MSFT,234.9600067138672,235.19000244140625,231.80999755859375,234.80999755859375,26034900
2021-03-16,MSFT,236.27999877929688,240.05999755859375,235.94000244140625,237.7100067138672,27717700
2021-03-17,MSFT,236.14999389648438,238.5500030517578,233.22999572753906,237.0399932861328,29500700
2021-03-18,MSFT,232.55999755859375,234.19000244140625,230.3300018310547,230.72000122070312,34833000
2021-03-19,MSFT,231.02000427246094,232.47000122070312,229.35000610351562,230.35000610351562,46410700
2021-03-22,MSFT,230.27000427246094,236.89999389648438,230.13999938964844,235.99000549316406,30127000
2021-03-23,MSFT,237.49000549316406,241.0500030517578,237.07000732421875,237.5800018310547,31638400
2021-03-24,MSFT,237.85000610351562,238.0,235.32000732421875,235.4600067138672,25620100
2021-03-25,MSFT,235.3000030517578,236.94000244140625,231.57000732421875,232.33999633789062,34061900
2021-03-26,MSFT,231.5500030517578,236.7100067138672,231.5500030517578,236.47999572753906,25471700
2021-03-29,MSFT,236.58999633789062,236.8000030517578,231.8800048828125,235.24000549316406,25227500
2021-03-30,MSFT,233.52999877929688,233.85000610351562,231.10000610351562,231.85000610351562,24792000
2021-03-31,MSFT,232.91000366210938,239.10000610351562,232.38999938964844,235.77000427246094,43623500
2021-04-01,MSFT,238.47000122070312,242.83999633789062,238.0500030517578,242.35000610351562,30312000
2021-04-05,MSFT,242.75999450683594,249.9600067138672,242.6999969482422,249.07000732421875,36910600
2021-04-06,MSFT,247.61000061035156,249.39999389648438,246.8800048828125,247.86000061035156,22931900
2021-04-07,MSFT,247.80999755859375,250.92999267578125,247.19000244140625,249.89999389648438,22719800
2021-04-08,MSFT,252.77000427246094,254.13999938964844,252.0,253.25,23625200
2021-04-09,MSFT,252.8699951171875,255.99000549316406,252.44000244140625,255.85000610351562,24315700
2021-04-12,MSFT,254.7100067138672,257.6700134277344,254.6199951171875,255.91000366210938,27148700
2021-04-13,MSFT,257.260009765625,259.19000244140625,256.8299865722656,258.489990234375,23837500
2021-04-14,MSFT,257.4800109863281,258.8299865722656,255.16000366210938,255.58999633789062,23070900
2021-04-15,MSFT,257.92999267578125,259.92999267578125,257.7300109863281,259.5,25627500
2021-04-16,MSFT,259.4700012207031,261.0,257.6000061035156,260.739990234375,24856900
2021-04-19,MSFT,260.19000244140625,261.4800109863281,257.82000732421875,258.739990234375,23209300
2021-04-20,MSFT,257.82000732421875,260.20001220703125,256.8399963378906,258.260009765625,19722900
2021-04-21,MSFT,258.94000244140625,260.67999267578125,257.25,260.5799865722656,24030400
2021-04-22,MSFT,260.2099914550781,261.7799987792969,255.63999938964844,257.1700134277344,25606200
2021-04-23,MSFT,257.8800048828125,261.510009765625,257.2699890136719,261.1499938964844,21462600
2021-04-26,MSFT,261.6600036621094,262.44000244140625,260.1700134277344,261.54998779296875,19682100
2020-10-27,AMZN,3224.93994140625,3291.659912109375,3211.300048828125,3286.330078125,4291000
2020-10-28,AMZN,3249.300048828125,3264.02001953125,3162.469970703125,3162.780029296875,5588300
2020-10-29,AMZN,3201.27001953125,3257.25,3164.0,3211.010009765625,6596500
2020-10-30,AMZN,3157.75,3167.0,3019.0,3036.14990234375,8386400
2020-11-02,AMZN,3061.739990234375,3079.7099609375,2950.1201171875,3004.47998046875,7257400
2020-11-03,AMZN,3018.530029296875,3074.89990234375,2980.97998046875,3048.409912109375,4897900
2020-11-04,AMZN,3159.989990234375,3244.85009765625,3139.72998046875,3241.159912109375,6839000
2020-11-05,AMZN,3319.969970703125,3366.800048828125,3288.8798828125,3322.0,5789300
2020-11-06,AMZN,3304.639892578125,3322.0,3232.0,3311.3701171875,4647300
2020-11-09,AMZN,3231.030029296875,3289.0,3112.110107421875,3143.739990234375,7190400
2020-11-10,AMZN,3095.02001953125,3114.0,3019.47998046875,3035.02001953125,6591000
2020-11-11,AMZN,3061.780029296875,3139.14990234375,3050.0,3137.389892578125,4366900
2020-11-12,AMZN,3159.949951171875,3175.8798828125,3086.050048828125,3110.280029296875,4362000
2020-11-13,AMZN,3122.0,3141.719970703125,3085.389892578125,3128.81005859375,3756200
2020-11-16,AMZN,3093.199951171875,3142.699951171875,3072.68994140625,3131.06005859375,3808700
2020-11-17,AMZN,3183.5400390625,3189.25,3135.260009765625,3135.659912109375,3444700
2020-11-18,AMZN,3134.0,3140.0,3105.10009765625,3105.4599609375,2916800
2020-11-19,AMZN,3105.31005859375,3125.0,3080.919921875,3117.02001953125,3010300
2020-11-20,AMZN,3117.02001953125,3132.889892578125,3098.050048828125,3099.39990234375,3374400
2020-11-23,AMZN,3116.699951171875,3139.75,3065.4599609375,3098.389892578125,4708900
2020-11-24,AMZN,3100.5,3134.25,3086.260009765625,3118.06005859375,3602100
2020-11-25,AMZN,3141.8701171875,3198.0,3140.260009765625,3185.070068359375,3790400
2020-11-27,AMZN,3211.260009765625,3216.18994140625,3190.050048828125,3195.340087890625,2392900
2020-11-30,AMZN,3208.47998046875,3228.389892578125,3125.550048828125,3168.0400390625,4063900
2020-12-01,AMZN,3188.5,3248.949951171875,3157.179931640625,3220.080078125,4544400
2020-12-02,AMZN,3221.64990234375,3232.0,3173.260009765625,3203.530029296875,3129300
2020-12-03,AMZN,3205.4599609375,3228.639892578125,3181.31005859375,3186.72998046875,2892000
2020-12-04,AMZN,3198.2099609375,3198.2099609375,3158.760009765625,3162.580078125,2913600
2020-12-07,AMZN,3156.47998046875,3180.760009765625,3141.68994140625,3158.0,2751300
2020-12-08,AMZN,3158.89990234375,3184.1298828125,3120.02001953125,3177.2900390625,3286300
2020-12-09,AMZN,3167.889892578125,3174.429931640625,3088.0,3104.199951171875,4100800
2020-12-10,AMZN,3088.989990234375,3142.10009765625,3076.0,3101.489990234375,3030200
2020-12-11,AMZN,3096.659912109375,3118.669921875,3072.820068359375,3116.419921875,3064700
2020-12-14,AMZN,3143.0,3190.469970703125,3126.0,3156.969970703125,4155800
2020-12-15,AMZN,3181.010009765625,3188.5,3130.489990234375,3165.1201171875,3323700
2020-12-16,AMZN,3176.010009765625,3247.0,3163.679931640625,3240.9599609375,4427600
2020-12-17,AMZN,3250.0,3263.510009765625,3221.0,3236.080078125,3474300
2020-12-18,AMZN,3243.989990234375,3249.419921875,3171.60009765625,3201.64990234375,5995700
2020-12-21,AMZN,3200.010009765625,3226.969970703125,3166.0,3206.179931640625,3836800
2020-12-22,AMZN,3202.840087890625,3222.0,3180.080078125,3206.52001953125,2369400
2020-12-23,AMZN,3205.0,3210.1298828125,3184.169921875,3185.27001953125,2093800
2020-12-24,AMZN,3193.89990234375,3202.0,3169.0,3172.68994140625,1451900
2020-12-28,AMZN,3194.0,3304.0,3172.68994140625,3283.9599609375,5686800
2020-12-29,AMZN,3309.93994140625,3350.64990234375,3281.219970703125,3322.0,4872900
2020-12-30,AMZN,3341.0,3342.10009765625,3282.469970703125,3285.85009765625,3209300
2020-12-31,AMZN,3275.0,3282.919921875,3241.199951171875,3256.929931640625,2957200
2021-01-04,AMZN,3270.0,3272.0,3144.02001953125,3186.6298828125,4411400
2021-01-05,AMZN,3166.010009765625,3223.3798828125,3165.06005859375,3218.510009765625,2655500
2021-01-06,AMZN,3146.47998046875,3197.510009765625,3131.159912109375,3138.3798828125,4394800
2021-01-07,AMZN,3157.0,3208.5400390625,3155.0,3162.159912109375,3514500
2021-01-08,AMZN,3180.0,3190.639892578125,3142.199951171875,3182.699951171875,3537700
2021-01-11,AMZN,3148.010009765625,3156.3798828125,3110.0,3114.2099609375,3683400
2021-01-12,AMZN,3120.0,3142.139892578125,3086.0,3120.830078125,3514600
2021-01-13,AMZN,3128.43994140625,3189.949951171875,3122.080078125,3165.889892578125,3321200
2021-01-14,AMZN,3167.52001953125,3178.0,3120.590087890625,3127.469970703125,3070900
2021-01-15,AMZN,3123.02001953125,3142.550048828125,3095.169921875,3104.25,4244000
2021-01-19,AMZN,3107.0,3145.0,3096.0,3120.760009765625,3305100
2021-01-20,AMZN,3181.989990234375,3279.800048828125,3175.0,3263.3798828125,5309800
2021-01-21,AMZN,3293.0,3348.550048828125,3289.570068359375,3306.989990234375,4945100
2021-01-22,AMZN,3304.31005859375,3321.909912109375,3283.159912109375,3292.22998046875,2821900
2021-01-25,AMZN,3328.5,3363.889892578125,3243.14990234375,3294.0,3749800
2021-01-26,AMZN,3296.360107421875,3338.0,3282.8701171875,3326.1298828125,2955200
2021-01-27,AMZN,3341.489990234375,3346.52001953125,3207.080078125,3232.580078125,4660200
2021-01-28,AMZN,3235.0400390625,3301.679931640625,3228.68994140625,3237.6201171875,3149200
2021-01-29,AMZN,3230.0,3236.989990234375,3184.550048828125,3206.199951171875,4285600
2021-02-01,AMZN,3242.360107421875,3350.260009765625,3235.030029296875,3342.8798828125,4160200
2021-02-02,AMZN,3380.0,3427.739990234375,3361.1298828125,3380.0,7098600
2021-02-03,AMZN,3425.010009765625,3434.0,3308.6201171875,3312.530029296875,7088800
2021-02-04,AMZN,3330.0,3347.0,3277.75,3331.0,3670700
2021-02-05,AMZN,3319.0,3377.0,3302.7099609375,3352.14990234375,3613600
2021-02-08,AMZN,3358.5,3365.0,3304.0,3322.93994140625,3257400
2021-02-09,AMZN,3312.489990234375,3338.0,3297.840087890625,3305.0,2203500
2021-02-10,AMZN,3314.0,3317.949951171875,3254.0,3286.580078125,3151600
2021-02-11,AMZN,3292.0,3292.0,3248.06005859375,3262.1298828125,2295800
2021-02-12,AMZN,3250.0,3280.25,3233.31005859375,3277.7099609375,2329300
2021-02-16,AMZN,3254.050048828125,3308.300048828125,3253.590087890625,3268.949951171875,2574700
2021-02-17,AMZN,3263.60009765625,3320.909912109375,3259.5,3308.639892578125,3297500
2021-02-18,AMZN,3282.419921875,3338.0,3273.93994140625,3328.22998046875,3027400
2021-02-19,AMZN,3328.22998046875,3333.5,3245.75,3249.89990234375,4305200
2021-02-22,AMZN,3208.1298828125,3232.320068359375,3172.260009765625,3180.739990234375,3515700
2021-02-23,AMZN,3127.030029296875,3204.72998046875,3093.60009765625,3194.5,4677200
2021-02-24,AMZN,3166.75,3171.22998046875,3125.3798828125,3159.530029296875,3011300
2021-02-25,AMZN,3136.739990234375,3178.260009765625,3047.760009765625,3057.159912109375,4533800
2021-02-26,AMZN,3095.199951171875,3122.43994140625,3036.699951171875,3092.929931640625,4273500
2021-03-01,AMZN,3127.889892578125,3149.56005859375,3097.989990234375,3146.139892578125,2729100
2021-03-02,AMZN,3143.469970703125,3163.52001953125,3087.1201171875,3094.530029296875,2590000
2021-03-03,AMZN,3081.179931640625,3107.780029296875,2995.0,3005.0,3967200
2021-03-04,AMZN,3012.0,3058.1298828125,2945.429931640625,2977.570068359375,5458700
2021-03-05,AMZN,3005.0,3009.0,2881.0,3000.4599609375,5383400
2021-03-08,AMZN,3015.0,3064.590087890625,2951.31005859375,2951.949951171875,4178500
2021-03-09,AMZN,3017.989990234375,3090.9599609375,3005.14990234375,3062.85009765625,4023500
2021-03-10,AMZN,3098.449951171875,3116.4599609375,3030.050048828125,3057.639892578125,3008700
2021-03-11,AMZN,3104.010009765625,3131.780029296875,3082.929931640625,3113.590087890625,2770800
2021-03-12,AMZN,3075.0,3098.97998046875,3045.5,3089.489990234375,2418500
2021-03-15,AMZN,3074.570068359375,3082.239990234375,3032.090087890625,3081.679931640625,2913600
2021-03-16,AMZN,3104.969970703125,3128.909912109375,3075.860107421875,3091.860107421875,2510100
2021-03-17,AMZN,3073.219970703125,3173.050048828125,3070.219970703125,3135.72998046875,3100900
2021-03-18,AMZN,3101.0,3116.6298828125,3025.0,3027.989990234375,3649600
2021-03-19,AMZN,3029.22998046875,3077.2900390625,3016.6298828125,3074.9599609375,4616400
2021-03-22,AMZN,3067.85009765625,3126.580078125,3060.050048828125,3110.8701171875,2902200
2021-03-23,AMZN,3127.0,3182.0,3120.85009765625,3137.5,3817300
2021-03-24,AMZN,3151.0400390625,3160.31005859375,3085.14990234375,3087.070068359375,2959000
2021-03-25,AMZN,3072.989990234375,3109.780029296875,3037.139892578125,3046.260009765625,3563500
2021-03-26,AMZN,3044.06005859375,3056.659912109375,2996.0,3052.030029296875,3306700
2021-03-29,AMZN,3055.43994140625,3091.25,3028.449951171875,3075.72998046875,2746000
2021-03-30,AMZN,3070.010009765625,3073.0,3034.0,3055.2900390625,2337600
2021-03-31,AMZN,3064.06005859375,3119.330078125,3062.5,3094.080078125,3093900
2021-04-01,AMZN,3117.93994140625,3162.43994140625,3115.550048828125,3161.0,2940300
2021-04-05,AMZN,3173.0,3235.9599609375,3161.239990234375,3226.72998046875,3334900
2021-04-06,AMZN,3223.75,3247.31005859375,3217.0400390625,3223.820068359375,2537800
2021-04-07,AMZN,3233.800048828125,3303.610107421875,3223.64990234375,3279.389892578125,3346200
2021-04-08,AMZN,3310.89990234375,3324.5,3292.0,3299.300048828125,2812100
2021-04-09,AMZN,3304.699951171875,3372.199951171875,3288.89990234375,3372.199951171875,4334600
2021-04-12,AMZN,3355.2099609375,3395.0400390625,3351.14990234375,3379.389892578125,3281800
2021-04-13,AMZN,3400.85009765625,3432.0,3395.6298828125,3400.0,3315800
2021-04-14,AMZN,3404.0400390625,3404.1298828125,3326.0,3333.0,3145200
2021-04-15,AMZN,3371.0,3397.0,3352.0,3379.090087890625,3233600
2021-04-16,AMZN,3380.0,3406.800048828125,3355.590087890625,3399.43994140625,3183300
2021-04-19,AMZN,3390.330078125,3435.929931640625,3360.159912109375,3372.010009765625,2725400
2021-04-20,AMZN,3373.60009765625,3382.989990234375,3316.0,3334.68994140625,2623000
2021-04-21,AMZN,3316.0,3362.860107421875,3303.81005859375,3362.02001953125,2211200
2021-04-22,AMZN,3371.679931640625,3372.8701171875,3301.449951171875,3309.0400390625,2580600
2021-04-23,AMZN,3319.10009765625,3375.0,3308.5,3340.8798828125,3192800
2021-04-26,AMZN,3348.0,3428.449951171875,3330.93994140625,3409.0,4836300
2020-10-27,GOOG,1595.6700439453125,1606.844970703125,1582.780029296875,1604.260009765625,1229000
2020-10-28,GOOG,1559.739990234375,1561.3499755859375,1514.6199951171875,1516.6199951171875,1834000
2020-10-29,GOOG,1522.3599853515625,1593.7099609375,1522.239990234375,1567.239990234375,2003100
2020-10-30,GOOG,1672.1099853515625,1687.0,1604.4599609375,1621.010009765625,4329100
2020-11-02,GOOG,1628.1600341796875,1660.77001953125,1616.030029296875,1626.030029296875,2535400
2020-11-03,GOOG,1631.780029296875,1661.699951171875,1616.6199951171875,1650.2099609375,1661700
2020-11-04,GOOG,1710.280029296875,1771.364990234375,1706.030029296875,1749.1300048828125,3570900
2020-11-05,GOOG,1781.0,1793.6400146484375,1750.510009765625,1763.3699951171875,2065800
2020-11-06,GOOG,1753.949951171875,1772.4300537109375,1740.3499755859375,1761.75,1660900
2020-11-09,GOOG,1790.9000244140625,1818.06005859375,1760.02001953125,1763.0,2268300
2020-11-10,GOOG,1731.0899658203125,1763.0,1717.300048828125,1740.3900146484375,2636100
2020-11-11,GOOG,1750.0,1764.219970703125,1747.364990234375,1752.7099609375,1264000
2020-11-12,GOOG,1747.6300048828125,1768.27001953125,1745.5999755859375,1749.8399658203125,1247500
2020-11-13,GOOG,1757.6300048828125,1781.0400390625,1744.550048828125,1777.02001953125,1499900
2020-11-16,GOOG,1771.699951171875,1799.0699462890625,1767.68994140625,1781.3800048828125,1246800
2020-11-17,GOOG,1776.93994140625,1785.0,1767.0,1770.1500244140625,1147100
2020-11-18,GOOG,1765.22998046875,1773.469970703125,1746.1400146484375,1746.780029296875,1173500
2020-11-19,GOOG,1738.3800048828125,1769.5899658203125,1737.0050048828125,1763.9200439453125,1249900
2020-11-20,GOOG,1765.2099609375,1774.0,1741.8599853515625,1742.18994140625,2313500
2020-11-23,GOOG,1749.5999755859375,1753.9000244140625,1717.719970703125,1734.8599853515625,2161600
2020-11-24,GOOG,1730.5,1771.5999755859375,1727.68994140625,1768.8800048828125,1578000
2020-11-25,GOOG,1772.8900146484375,1778.5400390625,1756.5400390625,1771.4300537109375,1045800
2020-11-27,GOOG,1773.0899658203125,1804.0,1772.43994140625,1793.18994140625,884900
2020-11-30,GOOG,1781.1839599609375,1788.06494140625,1755.0,1760.739990234375,1823800
2020-12-01,GOOG,1774.3699951171875,1824.8299560546875,1769.3699951171875,1798.0999755859375,1739000
2020-12-02,GOOG,1798.0999755859375,1835.6500244140625,1789.4730224609375,1827.949951171875,1222000
2020-12-03,GOOG,1824.010009765625,1847.199951171875,1822.6500244140625,1826.77001953125,1227300
2020-12-04,GOOG,1824.52001953125,1833.1600341796875,1816.989990234375,1827.989990234375,1378200
2020-12-07,GOOG,1819.0,1832.3699951171875,1805.780029296875,1819.47998046875,1320900
2020-12-08,GOOG,1810.0999755859375,1821.9000244140625,1796.2049560546875,1818.550048828125,1096300
2020-12-09,GOOG,1812.010009765625,1834.27001953125,1767.81005859375,1784.1300048828125,1507600
2020-12-10,GOOG,1769.800048828125,1781.31005859375,1740.3199462890625,1775.3299560546875,1362800
2020-12-11,GOOG,1763.06005859375,1784.449951171875,1760.0,1781.77001953125,1220700
2020-12-14,GOOG,1775.0,1797.3900146484375,1757.2149658203125,1760.06005859375,1600200
2020-12-15,GOOG,1764.4200439453125,1771.4200439453125,1749.949951171875,1767.77001953125,1482300
2020-12-16,GOOG,1772.8800048828125,1773.0,1756.0799560546875,1763.0,1513500
2020-12-17,GOOG,1768.510009765625,1771.7840576171875,1738.6600341796875,1747.9000244140625,1624700
2020-12-18,GOOG,1754.1800537109375,1755.1099853515625,1720.219970703125,1731.010009765625,4016400
2020-12-21,GOOG,1713.510009765625,1740.8499755859375,1699.0,1739.3699951171875,1828400
2020-12-22,GOOG,1734.4300537109375,1737.405029296875,1712.574951171875,1723.5,936700
2020-12-23,GOOG,1728.1099853515625,1747.989990234375,1725.0400390625,1732.3800048828125,1033800
2020-12-24,GOOG,1735.0,1746.0,1729.1099853515625,1738.8499755859375,346800
2020-12-28,GOOG,1751.635009765625,1790.72802734375,1746.3349609375,1776.0899658203125,1393000
2020-12-29,GOOG,1787.7900390625,1792.43994140625,1756.0899658203125,1758.719970703125,1299400
2020-12-30,GOOG,1762.010009765625,1765.094970703125,1725.5999755859375,1739.52001953125,1306100
2020-12-31,GOOG,1735.4200439453125,1758.9300537109375,1735.4200439453125,1751.8800048828125,1011900
2021-01-04,GOOG,1757.5400390625,1760.6500244140625,1707.8499755859375,1728.239990234375,1901900
2021-01-05,GOOG,1725.0,1747.6700439453125,1718.0150146484375,1740.9200439453125,1145300
2021-01-06,GOOG,1702.6300048828125,1748.0,1699.0,1735.2900390625,2602100
2021-01-07,GOOG,1740.06005859375,1788.4000244140625,1737.050048828125,1787.25,2265000
2021-01-08,GOOG,1787.97998046875,1809.8399658203125,1773.5350341796875,1807.2099609375,2050600
2021-01-11,GOOG,1786.0699462890625,1794.31494140625,1760.52001953125,1766.719970703125,1209700
2021-01-12,GOOG,1753.9200439453125,1778.0400390625,1725.31005859375,1746.550048828125,1357700
2021-01-13,GOOG,1738.5799560546875,1765.0350341796875,1738.010009765625,1754.4000244140625,1094100
2021-01-14,GOOG,1753.6199951171875,1775.010009765625,1733.4000244140625,1740.1800537109375,1179500
2021-01-15,GOOG,1738.18994140625,1756.0,1721.550048828125,1736.18994140625,1342200
2021-01-19,GOOG,1752.25,1809.2750244140625,1741.4599609375,1790.8599853515625,1734600
2021-01-20,GOOG,1831.4599609375,1903.7099609375,1825.530029296875,1886.9000244140625,2490300
2021-01-21,GOOG,1898.0,1934.8599853515625,1887.1099853515625,1891.25,2063900
2021-01-22,GOOG,1895.6800537109375,1910.949951171875,1881.760009765625,1901.050048828125,1272100
2021-01-25,GOOG,1920.6700439453125,1929.5799560546875,1867.530029296875,1899.4000244140625,1927300
2021-01-26,GOOG,1888.8399658203125,1925.0,1884.2449951171875,1917.239990234375,1313100
2021-01-27,GOOG,1882.530029296875,1890.0,1809.0,1830.7900390625,2748300
2021-01-28,GOOG,1843.93994140625,1898.8299560546875,1842.6400146484375,1863.1099853515625,1773100
2021-01-29,GOOG,1846.1700439453125,1857.280029296875,1810.199951171875,1835.739990234375,1612600
2021-02-01,GOOG,1853.5699462890625,1922.3919677734375,1850.9300537109375,1901.3499755859375,1602200
2021-02-02,GOOG,1922.56005859375,1955.760009765625,1914.489990234375,1927.510009765625,2273700
2021-02-03,GOOG,2073.0,2116.5,2018.3800048828125,2070.070068359375,4118200
2021-02-04,GOOG,2068.889892578125,2078.550048828125,2042.5899658203125,2062.3701171875,1852300
2021-02-05,GOOG,2070.0,2102.510009765625,2059.330078125,2098.0,1533900
2021-02-08,GOOG,2105.909912109375,2123.547119140625,2072.0,2092.909912109375,1241900
2021-02-09,GOOG,2078.5400390625,2105.1298828125,2078.5400390625,2083.510009765625,889900
2021-02-10,GOOG,2094.2099609375,2108.3701171875,2063.090087890625,2095.3798828125,1135500
2021-02-11,GOOG,2099.510009765625,2102.030029296875,2077.320068359375,2095.889892578125,945200
2021-02-12,GOOG,2090.25,2108.820068359375,2083.1298828125,2104.110107421875,855700
2021-02-16,GOOG,2104.360107421875,2152.679931640625,2104.360107421875,2121.89990234375,1133800
2021-02-17,GOOG,2100.0,2133.659912109375,2098.919921875,2128.31005859375,1070900
2021-02-18,GOOG,2110.389892578125,2132.735107421875,2103.7099609375,2117.199951171875,1121600
2021-02-19,GOOG,2119.27001953125,2130.530029296875,2097.409912109375,2101.139892578125,1457400
2021-02-22,GOOG,2067.0,2091.419921875,2062.139892578125,2064.8798828125,1367500
2021-02-23,GOOG,2025.010009765625,2082.010009765625,2002.02001953125,2070.860107421875,1667400
2021-02-24,GOOG,2041.8299560546875,2100.780029296875,2038.1300048828125,2095.169921875,1248300
2021-02-25,GOOG,2067.449951171875,2094.8798828125,2021.2900390625,2031.3599853515625,1828400
2021-02-26,GOOG,2050.52001953125,2071.010009765625,2016.06005859375,2036.8599853515625,2083500
2021-03-01,GOOG,2056.52001953125,2086.52001953125,2046.0999755859375,2081.510009765625,1404500
2021-03-02,GOOG,2076.18994140625,2104.3701171875,2071.260009765625,2075.840087890625,1133600
2021-03-03,GOOG,2067.2099609375,2088.51806640625,2010.0,2026.7099609375,1483100
2021-03-04,GOOG,2023.3699951171875,2089.239990234375,2020.27001953125,2049.090087890625,2116100
2021-03-05,GOOG,2073.1201171875,2118.110107421875,2046.4150390625,2108.5400390625,2193800
2021-03-08,GOOG,2101.1298828125,2128.81005859375,2021.6099853515625,2024.1700439453125,1646000
2021-03-09,GOOG,2070.0,2078.0400390625,2047.8299560546875,2052.699951171875,1696400
2021-03-10,GOOG,2071.760009765625,2075.0,2033.3699951171875,2055.030029296875,1267800
2021-03-11,GOOG,2074.06005859375,2125.699951171875,2072.3798828125,2114.77001953125,1238300
2021-03-12,GOOG,2085.0,2090.260009765625,2047.550048828125,2061.919921875,1725000
2021-03-15,GOOG,2062.300048828125,2067.06005859375,2043.510009765625,2066.489990234375,1298100
2021-03-16,GOOG,2078.989990234375,2123.56005859375,2070.0,2092.52001953125,1490600
2021-03-17,GOOG,2076.030029296875,2109.780029296875,2054.0,2091.080078125,1297500
2021-03-18,GOOG,2061.0,2075.5,2033.550048828125,2036.219970703125,1361400
2021-03-19,GOOG,2042.050048828125,2053.10009765625,2017.6800537109375,2043.199951171875,2314400
2021-03-22,GOOG,2041.8399658203125,2057.989990234375,2026.0699462890625,2038.5899658203125,1954800
2021-03-23,GOOG,2051.699951171875,2072.302001953125,2039.219970703125,2052.9599609375,1367000
2021-03-24,GOOG,2065.3701171875,2078.2099609375,2041.5550537109375,2045.06005859375,1154000
2021-03-25,GOOG,2044.81005859375,2058.8701171875,2010.72998046875,2044.3599853515625,1418900
2021-03-26,GOOG,2038.8599853515625,2050.989990234375,2014.02001953125,2035.550048828125,1493500
2021-03-29,GOOG,2027.8800048828125,2058.429931640625,2015.6199951171875,2055.949951171875,1229800
2021-03-30,GOOG,2057.6298828125,2070.780029296875,2044.030029296875,2055.5400390625,1036600
2021-03-31,GOOG,2059.1201171875,2093.326904296875,2056.7451171875,2068.6298828125,1459900
2021-04-01,GOOG,2097.949951171875,2142.93994140625,2096.889892578125,2137.75,1699000
2021-04-05,GOOG,2152.93994140625,2237.31005859375,2151.6201171875,2225.550048828125,2164900
2021-04-06,GOOG,2222.5,2237.659912109375,2214.800048828125,2224.75,1353000
2021-04-07,GOOG,2226.1298828125,2255.0,2225.330078125,2249.679931640625,1289900
2021-04-08,GOOG,2277.9599609375,2284.0048828125,2257.679931640625,2265.43994140625,1358300
2021-04-09,GOOG,2256.699951171875,2289.0400390625,2253.714111328125,2285.8798828125,1043600
2021-04-12,GOOG,2266.25,2275.320068359375,2238.465087890625,2254.7900390625,1565900
2021-04-13,GOOG,2261.469970703125,2277.2099609375,2256.090087890625,2267.27001953125,1165500
2021-04-14,GOOG,2275.159912109375,2277.989990234375,2249.18994140625,2254.840087890625,1011000
2021-04-15,GOOG,2276.97998046875,2306.596923828125,2266.0,2296.659912109375,1373600
2021-04-16,GOOG,2303.0,2306.43994140625,2284.449951171875,2297.760009765625,1129800
2021-04-19,GOOG,2291.97998046875,2318.449951171875,2287.844970703125,2302.39990234375,1234400
2021-04-20,GOOG,2307.889892578125,2309.60009765625,2271.7099609375,2293.6298828125,1088700
2021-04-21,GOOG,2285.25,2295.320068359375,2258.570068359375,2293.2900390625,1196500
2021-04-22,GOOG,2293.22998046875,2303.761962890625,2256.449951171875,2267.919921875,1054800
2021-04-23,GOOG,2283.469970703125,2325.820068359375,2278.2099609375,2315.300048828125,1433500
2021-04-26,GOOG,2319.929931640625,2341.260009765625,2313.840087890625,2326.739990234375,1039500
2020-10-27,FB,278.760009765625,284.510009765625,276.30999755859375,283.2900085449219,16287200
2020-10-28,FB,278.7900085449219,278.7900085449219,267.260009765625,267.6700134277344,23121800
2020-10-29,FB,276.54998779296875,283.6000061035156,273.7799987792969,280.8299865722656,32368100
2020-10-30,FB,274.5,276.70001220703125,259.1000061035156,263.1099853515625,47247800
2020-11-02,FB,264.6000061035156,270.4700012207031,257.3399963378906,261.3599853515625,27165700
2020-11-03,FB,263.1600036621094,270.04998779296875,260.8800048828125,265.29998779296875,17961900
2020-11-04,FB,281.0,288.94000244140625,278.6199951171875,287.3800048828125,35364400
2020-11-05,FB,291.8999938964844,297.3800048828125,288.95001220703125,294.67999267578125,23823600
2020-11-06,FB,293.95001220703125,294.6000061035156,288.05999755859375,293.4100036621094,13891000
2020-11-09,FB,289.8699951171875,292.5799865722656,278.5299987792969,278.7699890136719,25117700
2020-11-10,FB,273.1000061035156,274.0,264.0,272.42999267578125,29067700
2020-11-11,FB,273.4700012207031,278.3999938964844,272.4800109863281,276.4800109863281,14957000
2020-11-12,FB,277.17999267578125,279.75,274.42999267578125,275.0799865722656,12899500
2020-11-13,FB,277.7200012207031,277.760009765625,273.1000061035156,276.95001220703125,10391200
2020-11-16,FB,275.04998779296875,279.4100036621094,274.6300048828125,278.9599914550781,12970400
2020-11-17,FB,277.67999267578125,277.67999267578125,273.2900085449219,275.0,15040300
2020-11-18,FB,274.5199890136719,277.3900146484375,271.8399963378906,271.9700012207031,12152900
2020-11-19,FB,271.0199890136719,273.4700012207031,269.19000244140625,272.94000244140625,12963700
2020-11-20,FB,272.55999755859375,273.0,269.4100036621094,269.70001220703125,18114700
2020-11-23,FB,270.8900146484375,270.95001220703125,264.5299987792969,268.42999267578125,20990800
2020-11-24,FB,268.489990234375,277.82000732421875,267.8699951171875,276.9200134277344,16930400
2020-11-25,FB,278.1400146484375,280.17999267578125,272.6499938964844,275.5899963378906,12467000
2020-11-27,FB,277.3900146484375,279.1300048828125,274.82000732421875,277.80999755859375,7808400
2020-11-30,FB,276.0299987792969,277.70001220703125,271.010009765625,276.9700012207031,16693300
2020-12-01,FB,279.1600036621094,289.29998779296875,278.9599914550781,286.54998779296875,20777900
2020-12-02,FB,285.3599853515625,291.7799987792969,280.8299865722656,287.5199890136719,17361600
2020-12-03,FB,286.25,286.6499938964844,281.07000732421875,281.8500061035156,12921700
2020-12-04,FB,280.29998779296875,283.4599914550781,279.29998779296875,279.70001220703125,10880300
2020-12-07,FB,279.19000244140625,288.489990234375,278.20001220703125,285.5799865722656,13007700
2020-12-08,FB,286.010009765625,286.42999267578125,281.54998779296875,283.3999938964844,10747700
2020-12-09,FB,283.6600036621094,287.6300048828125,271.75,277.9200134277344,25189700
2020-12-10,FB,275.5400085449219,278.7300109863281,271.8599853515625,277.1199951171875,20065100
2020-12-11,FB,274.5299987792969,276.4800109863281,270.25,273.54998779296875,14391400
2020-12-14,FB,273.3699951171875,277.2200012207031,271.55999755859375,274.19000244140625,16376900
2020-12-15,FB,274.8299865722656,276.0799865722656,267.4700012207031,275.54998779296875,23979500
2020-12-16,FB,274.760009765625,277.8599853515625,272.510009765625,275.6700134277344,15885000
2020-12-17,FB,277.07000732421875,280.44000244140625,273.6099853515625,274.4800109863281,16377800
2020-12-18,FB,275.7699890136719,278.0,271.1400146484375,276.3999938964844,26693200
2020-12-21,FB,272.9800109863281,274.6700134277344,267.7900085449219,272.7900085449219,16553700
2020-12-22,FB,271.5,271.5,264.6300048828125,267.0899963378906,17312900
2020-12-23,FB,266.8900146484375,272.1700134277344,266.2300109863281,268.1099853515625,14329000
2020-12-24,FB,268.8800048828125,270.3999938964844,266.20001220703125,267.3999938964844,6702000
2020-12-28,FB,268.739990234375,277.29998779296875,265.6600036621094,277.0,23299700
2020-12-29,FB,276.95001220703125,280.510009765625,276.2799987792969,276.7799987792969,16383000
2020-12-30,FB,277.95001220703125,278.0799865722656,271.7099914550781,271.8699951171875,11803800
2020-12-31,FB,272.0,277.0899963378906,269.80999755859375,273.1600036621094,12900400
2021-01-04,FB,274.7799987792969,275.0,265.20001220703125,268.94000244140625,15106100
2021-01-05,FB,268.2900085449219,272.3999938964844,268.2099914550781,270.9700012207031,9871600
2021-01-06,FB,262.0,267.75,260.010009765625,263.30999755859375,24354100
2021-01-07,FB,265.8999938964844,271.6099853515625,264.7799987792969,268.739990234375,15789800
2021-01-08,FB,268.30999755859375,268.95001220703125,263.17999267578125,267.57000732421875,18528300
2021-01-11,FB,260.4800109863281,263.4700012207031,255.89999389648438,256.8399963378906,30412300
2021-01-12,FB,256.6300048828125,259.7200012207031,250.3000030517578,251.08999633789062,26449900
2021-01-13,FB,251.5500030517578,253.9499969482422,249.1999969482422,251.63999938964844,19528900
2021-01-14,FB,253.39999389648438,255.02999877929688,244.61000061035156,245.63999938964844,29739400
2021-01-15,FB,247.89999389648438,253.86000061035156,247.16000366210938,251.36000061035156,24942900
2021-01-19,FB,256.8999938964844,262.20001220703125,252.72000122070312,261.1000061035156,28028500
2021-01-20,FB,268.92999267578125,270.32000732421875,263.6000061035156,267.4800109863281,25199900
2021-01-21,FB,269.260009765625,273.6000061035156,267.489990234375,272.8699951171875,20838700
2021-01-22,FB,272.010009765625,278.4700012207031,272.0,274.5,21954000
2021-01-25,FB,278.1400146484375,280.1000061035156,271.510009765625,278.010009765625,19087000
2021-01-26,FB,278.1400146484375,285.3900146484375,277.80999755859375,282.04998779296875,19373600
2021-01-27,FB,282.5299987792969,283.45001220703125,268.1199951171875,272.1400146484375,35346200
2021-01-28,FB,277.17999267578125,286.7900085449219,264.70001220703125,265.0,37758800
2021-01-29,FB,265.29998779296875,266.55999755859375,254.85000610351562,258.3299865722656,30389500
2021-02-01,FB,259.5199890136719,264.1700134277344,254.91000366210938,262.010009765625,22914300
2021-02-02,FB,264.0,268.8500061035156,263.2699890136719,267.0799865722656,17320800
2021-02-03,FB,265.6199951171875,269.20001220703125,263.8399963378906,266.6499938964844,14223400
2021-02-04,FB,267.010009765625,268.1600036621094,264.0,266.489990234375,16060000
2021-02-05,FB,266.79998779296875,269.1700134277344,265.6700134277344,268.1000061035156,12441700
2021-02-08,FB,268.75,269.8599853515625,265.0,266.5799865722656,13755200
2021-02-09,FB,266.44000244140625,273.3900146484375,265.75,269.45001220703125,14613400
2021-02-10,FB,272.45001220703125,273.79998779296875,267.7200012207031,271.8699951171875,14687200
2021-02-11,FB,271.8900146484375,273.5799865722656,268.489990234375,270.3900146484375,12801300
2021-02-12,FB,270.5199890136719,271.17999267578125,268.3399963378906,270.5,9069100
2021-02-16,FB,270.79998779296875,276.6000061035156,270.04998779296875,273.9700012207031,15417200
2021-02-17,FB,271.239990234375,273.9700012207031,269.5799865722656,273.57000732421875,12763200
2021-02-18,FB,269.57000732421875,271.95001220703125,266.0299987792969,269.3900146484375,15249100
2021-02-19,FB,269.8599853515625,270.2699890136719,260.1499938964844,261.55999755859375,25622600
2021-02-22,FB,257.95001220703125,263.07000732421875,257.5299987792969,260.3299865722656,17434900
2021-02-23,FB,259.5,267.4599914550781,254.9600067138672,265.8599853515625,21924600
2021-02-24,FB,262.3299865722656,266.3800048828125,258.3900146484375,264.30999755859375,15736100
2021-02-25,FB,262.29998779296875,266.94000244140625,254.0399932861328,254.69000244140625,19053100
2021-02-26,FB,256.4700012207031,265.54998779296875,256.4700012207031,257.6199951171875,26593900
2021-03-01,FB,260.82000732421875,266.6499938964844,257.8999938964844,264.9100036621094,22117000
2021-03-02,FB,265.7799987792969,266.7099914550781,258.6499938964844,259.0,15151900
2021-03-03,FB,260.2900085449219,260.989990234375,255.10000610351562,255.41000366210938,15476700
2021-03-04,FB,256.4700012207031,266.489990234375,253.5,257.6400146484375,31570100
2021-03-05,FB,260.6700134277344,265.45001220703125,255.61000061035156,264.2799987792969,26808100
2021-03-08,FB,265.54998779296875,265.5799865722656,255.0500030517578,255.30999755859375,18372700
2021-03-09,FB,261.17999267578125,268.5299987792969,259.80999755859375,265.739990234375,22018400
2021-03-10,FB,268.6400146484375,268.9700012207031,262.8699951171875,264.8999938964844,14197500
2021-03-11,FB,268.1099853515625,277.8999938964844,267.82000732421875,273.8800048828125,21816600
2021-03-12,FB,269.1400146484375,269.739990234375,264.0199890136719,268.3999938964844,20590000
2021-03-15,FB,269.0799865722656,275.9599914550781,268.5,273.75,16844800
2021-03-16,FB,276.0799865722656,282.1400146484375,274.79998779296875,279.2799987792969,22178700
2021-03-17,FB,275.7099914550781,286.2300109863281,275.4100036621094,284.010009765625,21073900
2021-03-18,FB,279.8699951171875,285.19000244140625,278.2799987792969,278.6199951171875,18728300
2021-03-19,FB,281.2200012207031,292.79998779296875,281.20001220703125,290.1099853515625,38905100
2021-03-22,FB,290.45001220703125,299.7099914550781,286.75,293.5400085449219,28273100
2021-03-23,FB,293.1499938964844,298.0,289.80999755859375,290.6300048828125,23000900
2021-03-24,FB,291.0,291.7200012207031,281.1600036621094,282.1400146484375,18675000
2021-03-25,FB,280.9800109863281,288.05999755859375,277.75,278.739990234375,24505600
2021-03-26,FB,278.29998779296875,284.5,277.7699890136719,283.0199890136719,17620600
2021-03-29,FB,285.7699890136719,293.17999267578125,284.70001220703125,290.82000732421875,21718800
2021-03-30,FB,289.8299865722656,292.4700012207031,286.70001220703125,288.0,17474500
2021-03-31,FB,289.989990234375,296.5,288.6099853515625,294.5299987792969,19498200
2021-04-01,FB,298.3999938964844,302.3999938964844,296.6000061035156,298.6600036621094,17616000
2021-04-05,FB,300.8900146484375,310.7699890136719,300.67999267578125,308.9100036621094,28237000
2021-04-06,FB,308.8399963378906,311.3500061035156,305.25,306.260009765625,17335200
2021-04-07,FB,306.3399963378906,314.25,305.5,313.0899963378906,22855200
2021-04-08,FB,314.8500061035156,315.8800048828125,310.04998779296875,313.0199890136719,20894100
2021-04-09,FB,311.3999938964844,314.739990234375,310.3299865722656,312.4599914550781,15983000
2021-04-12,FB,311.04998779296875,312.1499938964844,307.92999267578125,311.5400085449219,10881900
2021-04-13,FB,312.2099914550781,314.42999267578125,309.32000732421875,309.760009765625,14036900
2021-04-14,FB,307.29998779296875,308.0299987792969,301.95001220703125,302.82000732421875,17421400
2021-04-15,FB,306.3399963378906,310.1400146484375,304.1000061035156,307.82000732421875,14558300
2021-04-16,FB,308.1700134277344,308.95001220703125,304.6099853515625,306.17999267578125,13054800
2021-04-19,FB,305.010009765625,307.70001220703125,300.55999755859375,302.239990234375,14553500
2021-04-20,FB,301.989990234375,305.1000061035156,297.2099914550781,302.6499938964844,16796400
2021-04-21,FB,301.95001220703125,301.9800109863281,297.3900146484375,301.4700012207031,14863500
2021-04-22,FB,301.3299865722656,302.9200134277344,296.0400085449219,296.5199890136719,16375400
2021-04-23,FB,298.760009765625,302.5899963378906,297.1499938964844,301.1300048828125,17536800
2021-04-26,FB,303.3399963378906,305.79998779296875,301.55999755859375,303.0400085449219,16161400
2020-10-27,TSLA,423.760009765625,430.5,420.1000061035156,424.67999267578125,22686500
2020-10-28,TSLA,416.4800109863281,418.6000061035156,406.0,406.0199890136719,25451400
2020-10-29,TSLA,409.9599914550781,418.05999755859375,406.4599914550781,410.8299865722656,22655300
2020-10-30,TSLA,406.8999938964844,407.5899963378906,379.1099853515625,388.0400085449219,42511300
2020-11-02,TSLA,394.0,406.9800109863281,392.29998779296875,400.510009765625,29021100
2020-11-03,TSLA,409.7300109863281,427.7699890136719,406.69000244140625,423.8999938964844,34351700
2020-11-04,TSLA,430.6199951171875,435.3999938964844,417.1000061035156,420.9800109863281,32143100
2020-11-05,TSLA,428.29998779296875,440.0,424.0,438.0899963378906,28414500
2020-11-06,TSLA,436.1000061035156,436.57000732421875,424.2799987792969,429.95001220703125,21706000
2020-11-09,TSLA,439.5,452.5,421.0,421.260009765625,34833000
2020-11-10,TSLA,420.0899963378906,420.0899963378906,396.0299987792969,410.3599853515625,30284200
2020-11-11,TSLA,416.45001220703125,418.70001220703125,410.5799865722656,417.1300048828125,17357700
2020-11-12,TSLA,415.04998779296875,423.0,409.5199890136719,411.760009765625,19855100
2020-11-13,TSLA,410.8500061035156,412.5299987792969,401.6600036621094,408.5,19771100
2020-11-16,TSLA,408.92999267578125,412.45001220703125,404.0899963378906,408.0899963378906,26838600
2020-11-17,TSLA,460.1700134277344,462.0,433.010009765625,441.6099853515625,61188300
2020-11-18,TSLA,448.3500061035156,496.0,443.5,486.6400146484375,78044000
2020-11-19,TSLA,492.0,508.6099853515625,487.57000732421875,499.2699890136719,62475300
2020-11-20,TSLA,497.989990234375,502.5,489.05999755859375,489.6099853515625,32911900
2020-11-23,TSLA,503.5,526.0,501.7900085449219,521.8499755859375,50260300
2020-11-24,TSLA,540.4000244140625,559.989990234375,526.2000122070312,555.3800048828125,53648500
2020-11-25,TSLA,550.0599975585938,574.0,545.3699951171875,574.0,48930200
2020-11-27,TSLA,581.1599731445312,598.780029296875,578.4500122070312,585.760009765625,37561100
2020-11-30,TSLA,602.2100219726562,607.7999877929688,554.510009765625,567.5999755859375,63003100
2020-12-01,TSLA,597.5900268554688,597.8499755859375,572.0499877929688,584.760009765625,40103500
2020-12-02,TSLA,556.4400024414062,571.5399780273438,541.2100219726562,568.8200073242188,47775700
2020-12-03,TSLA,590.02001953125,598.969970703125,582.4299926757812,593.3800048828125,42552000
2020-12-04,TSLA,591.010009765625,599.0399780273438,585.5,599.0399780273438,29401300
2020-12-07,TSLA,604.9199829101562,648.7899780273438,603.0499877929688,641.760009765625,56309700
2020-12-08,TSLA,625.510009765625,651.280029296875,618.5,649.8800048828125,64265000
2020-12-09,TSLA,653.6900024414062,654.3200073242188,588.0,604.47998046875,71291200
2020-12-10,TSLA,574.3699951171875,627.75,566.3400268554688,627.0700073242188,67083200
2020-12-11,TSLA,615.010009765625,624.0,596.7999877929688,609.989990234375,46475000
2020-12-14,TSLA,619.0,642.75,610.2000122070312,639.8300170898438,52040600
2020-12-15,TSLA,643.280029296875,646.9000244140625,623.7999877929688,633.25,45071500
2020-12-16,TSLA,628.22998046875,632.5,605.0,622.77001953125,42095800
2020-12-17,TSLA,628.1900024414062,658.8200073242188,619.5,655.9000244140625,56270100
2020-12-18,TSLA,668.9000244140625,695.0,628.5399780273438,695.0,222126200
2020-12-21,TSLA,666.239990234375,668.5,646.0700073242188,649.8599853515625,58045300
2020-12-22,TSLA,648.0,649.8800048828125,614.22998046875,640.3400268554688,51716000
2020-12-23,TSLA,632.2000122070312,651.5,622.5700073242188,645.97998046875,33173000
2020-12-24,TSLA,642.989990234375,666.0900268554688,641.0,661.77001953125,22865600
2020-12-28,TSLA,674.510009765625,681.4000244140625,660.7999877929688,663.6900024414062,32278600
2020-12-29,TSLA,661.0,669.9000244140625,655.0,665.989990234375,22910800
2020-12-30,TSLA,672.0,696.5999755859375,668.3599853515625,694.780029296875,42846000
2020-12-31,TSLA,699.989990234375,718.719970703125,691.1199951171875,705.6699829101562,49649900
2021-01-04,TSLA,719.4600219726562,744.489990234375,717.1900024414062,729.77001953125,48638200
2021-01-05,TSLA,723.6599731445312,740.8400268554688,719.2000122070312,735.1099853515625,32245200
2021-01-06,TSLA,758.489990234375,774.0,749.0999755859375,755.97998046875,44700000
2021-01-07,TSLA,777.6300048828125,816.989990234375,775.2000122070312,816.0399780273438,51498900
2021-01-08,TSLA,856.0,884.489990234375,838.3900146484375,880.02001953125,75055500
2021-01-11,TSLA,849.4000244140625,854.4299926757812,803.6199951171875,811.1900024414062,59301600
2021-01-12,TSLA,831.0,868.0,827.3400268554688,849.4400024414062,46270700
2021-01-13,TSLA,852.760009765625,860.469970703125,832.0,854.4099731445312,33312500
2021-01-14,TSLA,843.3900146484375,863.0,838.75,845.0,31266300
2021-01-15,TSLA,852.0,859.9000244140625,819.0999755859375,826.1599731445312,38777600
2021-01-19,TSLA,837.7999877929688,850.0,833.0,844.5499877929688,25367000
2021-01-20,TSLA,858.739990234375,859.5,837.280029296875,850.4500122070312,25665900
2021-01-21,TSLA,855.0,855.719970703125,841.4199829101562,844.989990234375,20521100
2021-01-22,TSLA,834.3099975585938,848.0,828.6199951171875,846.6400146484375,20066500
2021-01-25,TSLA,855.0,900.4000244140625,838.8200073242188,880.7999877929688,41173400
2021-01-26,TSLA,891.3800048828125,895.9000244140625,871.5999755859375,883.0900268554688,23131600
2021-01-27,TSLA,870.3499755859375,891.5,858.6599731445312,864.1599731445312,27334000
2021-01-28,TSLA,820.0,848.0,801.0,835.4299926757812,26378000
2021-01-29,TSLA,830.0,842.4099731445312,780.0999755859375,793.530029296875,34990800
2021-02-01,TSLA,814.2899780273438,842.0,795.5599975585938,839.8099975585938,25391400
2021-02-02,TSLA,844.6799926757812,880.5,842.2000122070312,872.7899780273438,24346200
2021-02-03,TSLA,877.02001953125,878.0800170898438,853.0599975585938,854.6900024414062,18343500
2021-02-04,TSLA,855.0,856.5,833.4199829101562,849.989990234375,15812700
2021-02-05,TSLA,845.0,864.77001953125,838.969970703125,852.22998046875,18566600
2021-02-08,TSLA,869.6699829101562,877.77001953125,854.75,863.4199829101562,20161700
2021-02-09,TSLA,855.1199951171875,859.7999877929688,841.75,849.4600219726562,15157700
2021-02-10,TSLA,843.6400146484375,844.8200073242188,800.02001953125,804.8200073242188,36216100
2021-02-11,TSLA,812.4400024414062,829.8800048828125,801.72998046875,811.6599731445312,21622800
2021-02-12,TSLA,801.260009765625,817.3300170898438,785.3300170898438,816.1199951171875,23768300
2021-02-16,TSLA,818.0,821.0,792.4400024414062,796.219970703125,19802300
2021-02-17,TSLA,779.0900268554688,799.8400268554688,762.010009765625,798.1500244140625,25996500
2021-02-18,TSLA,780.9000244140625,794.6900024414062,776.27001953125,787.3800048828125,17957100
2021-02-19,TSLA,795.0,796.7899780273438,777.3699951171875,781.2999877929688,18958300
2021-02-22,TSLA,762.6400146484375,768.5,710.2000122070312,714.5,37269700
2021-02-23,TSLA,662.1300048828125,713.6099853515625,619.0,698.8400268554688,66606900
2021-02-24,TSLA,711.8499755859375,745.0,694.1699829101562,742.02001953125,36767000
2021-02-25,TSLA,726.1500244140625,737.2100219726562,670.5800170898438,682.219970703125,39023900
2021-02-26,TSLA,700.0,706.7000122070312,659.510009765625,675.5,41089200
2021-03-01,TSLA,690.1099853515625,719.0,685.0499877929688,718.4299926757812,27136200
2021-03-02,TSLA,718.280029296875,721.1099853515625,685.0,686.4400024414062,23732200
2021-03-03,TSLA,687.989990234375,700.7000122070312,651.7100219726562,653.2000122070312,30208000
2021-03-04,TSLA,655.7999877929688,668.4500122070312,600.0,621.4400024414062,65919500
2021-03-05,TSLA,626.0599975585938,627.8400268554688,539.489990234375,597.9500122070312,89396500
2021-03-08,TSLA,600.5499877929688,620.1300048828125,558.7899780273438,563.0,51787000
2021-03-09,TSLA,608.1799926757812,678.0900268554688,595.2100219726562,673.5800170898438,67523300
2021-03-10,TSLA,700.2999877929688,717.8499755859375,655.0599975585938,668.0599975585938,60605700
2021-03-11,TSLA,699.4000244140625,702.5,677.1799926757812,699.5999755859375,36253900
2021-03-12,TSLA,670.0,694.8800048828125,666.1400146484375,693.72998046875,33583800
2021-03-15,TSLA,694.0900268554688,713.1799926757812,684.0399780273438,707.9400024414062,29335600
2021-03-16,TSLA,703.3499755859375,707.9199829101562,671.0,676.8800048828125,31903400
2021-03-17,TSLA,656.8699951171875,703.72998046875,651.010009765625,701.8099975585938,40083300
2021-03-18,TSLA,684.2899780273438,689.22998046875,652.0,653.1599731445312,33224800
2021-03-19,TSLA,646.5999755859375,657.22998046875,624.6199951171875,654.8699951171875,42827400
2021-03-22,TSLA,684.5900268554688,699.6199951171875,668.75,670.0,39512200
2021-03-23,TSLA,675.77001953125,677.7999877929688,657.510009765625,662.1599731445312,30491900
2021-03-24,TSLA,667.9099731445312,668.02001953125,630.1099853515625,630.27001953125,33795200
2021-03-25,TSLA,613.0,645.5,609.5,640.3900146484375,39224900
2021-03-26,TSLA,641.8699951171875,643.8200073242188,599.8900146484375,618.7100219726562,33778400
2021-03-29,TSLA,615.6400146484375,616.47998046875,596.02001953125,611.2899780273438,28637000
2021-03-30,TSLA,601.75,637.6599731445312,591.010009765625,635.6199951171875,39432400
2021-03-31,TSLA,646.6199951171875,672.0,641.1099853515625,667.9299926757812,33337300
2021-04-01,TSLA,688.3699951171875,692.4199829101562,659.4199829101562,661.75,35298400
2021-04-05,TSLA,707.7100219726562,708.1599731445312,684.7000122070312,691.0499877929688,41842800
2021-04-06,TSLA,690.2999877929688,696.5499877929688,681.3699951171875,691.6199951171875,28271800
2021-04-07,TSLA,687.0,691.3800048828125,667.8400268554688,670.969970703125,26309400
2021-04-08,TSLA,677.3800048828125,689.5499877929688,671.6500244140625,683.7999877929688,23924300
2021-04-09,TSLA,677.77001953125,680.969970703125,669.4299926757812,677.02001953125,21402600
2021-04-12,TSLA,685.7000122070312,704.7999877929688,682.0900268554688,701.97998046875,29135700
2021-04-13,TSLA,712.7000122070312,763.0,710.6599731445312,762.3200073242188,44652800
2021-04-14,TSLA,770.7000122070312,780.7899780273438,728.030029296875,732.22998046875,49017400
2021-04-15,TSLA,743.0999755859375,743.6900024414062,721.3099975585938,738.8499755859375,27848900
2021-04-16,TSLA,728.6500244140625,749.4099731445312,724.5999755859375,739.780029296875,27924000
2021-04-19,TSLA,719.5999755859375,725.4000244140625,691.7999877929688,714.6300048828125,39686200
2021-04-20,TSLA,717.4199829101562,737.25,710.6900024414062,718.989990234375,35609000
2021-04-21,TSLA,704.77001953125,744.8400268554688,698.0,744.1199951171875,31215500
2021-04-22,TSLA,741.5,753.77001953125,718.0399780273438,719.6900024414062,35590300
2021-04-23,TSLA,719.7999877929688,737.3599853515625,715.4600219726562,729.4000244140625,28370000
2021-04-26,TSLA,741.0,749.2999877929688,732.6099853515625,738.2000122070312,30584700
2020-10-27,NFLX,490.010009765625,490.489990234375,482.92999267578125,488.92999267578125,3627200
2020-10-28,NFLX,486.3599853515625,494.0,483.2799987792969,486.239990234375,5992700
2020-10-29,NFLX,488.5,513.9000244140625,479.3399963378906,504.2099914550781,11120700
2020-10-30,NFLX,502.010009765625,505.8800048828125,472.2099914550781,475.739990234375,7807900
2020-11-02,NFLX,478.8699951171875,486.29998779296875,475.0,484.1199951171875,4408200
2020-11-03,NFLX,484.92999267578125,495.30999755859375,478.760009765625,487.2200012207031,3690200
2020-11-04,NFLX,495.3599853515625,507.7300109863281,493.9800109863281,496.95001220703125,5137300
2020-11-05,NFLX,506.55999755859375,518.72998046875,503.45001220703125,513.760009765625,5372800
2020-11-06,NFLX,515.0,515.2100219726562,502.510009765625,514.72998046875,4236300
2020-11-09,NFLX,485.5400085449219,495.8500061035156,467.260009765625,470.5,10419700
2020-11-10,NFLX,470.95001220703125,484.6000061035156,463.4100036621094,480.239990234375,8306100
2020-11-11,NFLX,483.0,491.67999267578125,478.260009765625,490.760009765625,5460500
2020-11-12,NFLX,491.0,496.5199890136719,480.42999267578125,486.7699890136719,5063700
2020-11-13,NFLX,486.7699890136719,488.94000244140625,477.79998779296875,482.8399963378906,3002700
2020-11-16,NFLX,480.0,485.5799865722656,477.29998779296875,479.1000061035156,3953600
2020-11-17,NFLX,480.1199951171875,487.510009765625,478.8500061035156,480.6300048828125,3698100
2020-11-18,NFLX,481.95001220703125,488.6099853515625,477.7200012207031,481.7900085449219,3629200
2020-11-19,NFLX,482.0,487.79998779296875,480.4700012207031,484.6700134277344,2254700
2020-11-20,NFLX,485.2200012207031,494.760009765625,481.57000732421875,488.239990234375,4253400
2020-11-23,NFLX,490.4599914550781,491.1499938964844,475.8399963378906,476.6199951171875,5416600
2020-11-24,NFLX,478.8399963378906,484.04998779296875,475.8900146484375,482.8800048828125,3550500
2020-11-25,NFLX,485.1300048828125,486.8999938964844,478.9200134277344,485.0,3598600
2020-11-27,NFLX,486.5799865722656,493.25,481.8500061035156,491.3599853515625,2805800
2020-11-30,NFLX,490.0799865722656,492.54998779296875,481.2699890136719,490.70001220703125,3530900
2020-12-01,NFLX,492.3399963378906,509.4700012207031,491.9800109863281,504.5799865722656,5063200
2020-12-02,NFLX,501.6199951171875,506.79998779296875,493.5,503.3800048828125,3028400
2020-12-03,NFLX,502.989990234375,508.7699890136719,496.0400085449219,497.5199890136719,2826100
2020-12-04,NFLX,497.5,504.5,493.6400146484375,498.30999755859375,3666200
2020-12-07,NFLX,500.010009765625,517.760009765625,497.7699890136719,515.780029296875,4289300
2020-12-08,NFLX,517.9000244140625,521.489990234375,505.54998779296875,512.6599731445312,4229000
2020-12-09,NFLX,510.5299987792969,514.5,491.2900085449219,493.6000061035156,4178800
2020-12-10,NFLX,494.55999755859375,503.7699890136719,492.9100036621094,501.0899963378906,3018200
2020-12-11,NFLX,495.0,503.3399963378906,494.8500061035156,503.2200012207031,3210900
2020-12-14,NFLX,505.44000244140625,524.1599731445312,501.17999267578125,522.4199829101562,5770400
2020-12-15,NFLX,518.5,524.7000122070312,513.5599975585938,519.780029296875,3398200
2020-12-16,NFLX,520.1099853515625,527.3800048828125,517.6900024414062,524.8300170898438,3682400
2020-12-17,NFLX,529.0,535.489990234375,526.4400024414062,532.9000244140625,3193400
2020-12-18,NFLX,533.2000122070312,536.3699951171875,526.02001953125,534.4500122070312,4502700
2020-12-21,NFLX,530.0499877929688,532.6199951171875,521.1500244140625,528.9099731445312,3894000
2020-12-22,NFLX,527.6900024414062,530.4000244140625,520.5,527.3300170898438,1906600
2020-12-23,NFLX,524.760009765625,526.3200073242188,514.2000122070312,514.47998046875,2393200
2020-12-24,NFLX,515.1199951171875,519.3499755859375,512.2100219726562,513.969970703125,1144000
2020-12-28,NFLX,516.4299926757812,523.6599731445312,507.1300048828125,519.1199951171875,2891900
2020-12-29,NFLX,519.9000244140625,536.5499877929688,515.47998046875,530.8699951171875,4022400
2020-12-30,NFLX,530.1300048828125,533.260009765625,523.6900024414062,524.5900268554688,1876300
2020-12-31,NFLX,525.530029296875,545.5,523.1500244140625,540.72998046875,5392300
2021-01-04,NFLX,539.0,540.7999877929688,515.0900268554688,522.8599853515625,4444400
2021-01-05,NFLX,521.5499877929688,526.780029296875,515.8900146484375,520.7999877929688,3133900
2021-01-06,NFLX,511.9700012207031,513.0999755859375,499.5,500.489990234375,5346200
2021-01-07,NFLX,508.2799987792969,516.4400024414062,506.4200134277344,508.8900146484375,3686400
2021-01-08,NFLX,511.30999755859375,513.239990234375,504.510009765625,510.3999938964844,2973900
2021-01-11,NFLX,507.8399963378906,510.7300109863281,497.95001220703125,499.1000061035156,3812700
2021-01-12,NFLX,500.0,501.0899963378906,485.6700134277344,494.25,5990400
2021-01-13,NFLX,495.5,512.3499755859375,493.010009765625,507.7900085449219,5032100
2021-01-14,NFLX,507.3500061035156,514.5,499.5799865722656,500.8599853515625,4177400
2021-01-15,NFLX,500.0,506.32000732421875,495.1000061035156,497.9800109863281,5895800
2021-01-19,NFLX,501.0,509.25,493.5400085449219,501.7699890136719,12315800
2021-01-20,NFLX,565.4199829101562,593.2899780273438,556.8599853515625,586.3400268554688,32637500
2021-01-21,NFLX,582.4500122070312,588.75,570.4000244140625,579.8400268554688,11840600
2021-01-22,NFLX,582.0999755859375,583.989990234375,564.3499755859375,565.1699829101562,7550800
2021-01-25,NFLX,567.0,569.75,548.6500244140625,556.780029296875,7207300
2021-01-26,NFLX,554.72998046875,567.989990234375,554.0599975585938,561.9299926757812,5023800
2021-01-27,NFLX,550.7100219726562,556.4199829101562,515.72998046875,523.280029296875,8670300
2021-01-28,NFLX,535.8800048828125,553.1500244140625,530.739990234375,538.5999755859375,5969000
2021-01-29,NFLX,538.0,541.0,530.1799926757812,532.3900146484375,4321500
2021-02-01,NFLX,536.7899780273438,545.0599975585938,531.72998046875,539.0399780273438,3547500
2021-02-02,NFLX,542.010009765625,555.47998046875,538.9299926757812,548.1599731445312,3767600
2021-02-03,NFLX,550.1699829101562,550.47998046875,538.239990234375,539.4500122070312,3172300
2021-02-04,NFLX,539.8099975585938,559.47998046875,537.510009765625,552.1599731445312,5164500
2021-02-05,NFLX,552.260009765625,554.4400024414062,545.47998046875,550.7899780273438,2374300
2021-02-08,NFLX,555.0,555.0,543.7000122070312,547.9199829101562,2791700
2021-02-09,NFLX,546.0,566.0,543.0,559.0700073242188,3703500
2021-02-10,NFLX,562.5,566.6500244140625,553.4600219726562,563.5900268554688,3991300
2021-02-11,NFLX,564.4400024414062,565.9299926757812,554.219970703125,557.5900268554688,2726700
2021-02-12,NFLX,556.9400024414062,561.25,550.8499755859375,556.52001953125,2195900
2021-02-16,NFLX,557.2899780273438,563.6300048828125,552.72998046875,557.280029296875,2624100
2021-02-17,NFLX,550.989990234375,555.25,543.030029296875,551.3400268554688,2069600
2021-02-18,NFLX,549.0,550.0,538.22998046875,548.219970703125,2456200
2021-02-19,NFLX,548.0,548.989990234375,538.8099975585938,540.219970703125,2841500
2021-02-22,NFLX,534.989990234375,541.7899780273438,530.7899780273438,533.780029296875,3078600
2021-02-23,NFLX,525.0,548.5399780273438,518.280029296875,546.1500244140625,4136500
2021-02-24,NFLX,539.7999877929688,556.8499755859375,539.0700073242188,553.4099731445312,3245000
2021-02-25,NFLX,550.27001953125,556.47998046875,535.75,546.7000122070312,4252900
2021-02-26,NFLX,546.510009765625,553.0900268554688,538.0,538.8499755859375,3754600
2021-03-01,NFLX,545.5700073242188,552.1400146484375,542.0,550.6400146484375,3041400
2021-03-02,NFLX,553.3400268554688,556.989990234375,546.02001953125,547.8200073242188,3039100
2021-03-03,NFLX,545.9299926757812,548.010009765625,517.8099975585938,520.7000122070312,5355500
2021-03-04,NFLX,521.5,531.5,507.67999267578125,511.2900085449219,5027100
2021-03-05,NFLX,511.9800109863281,517.760009765625,498.7900085449219,516.3900146484375,5068700
2021-03-08,NFLX,514.4600219726562,518.8400268554688,492.8500061035156,493.3299865722656,3979000
2021-03-09,NFLX,507.30999755859375,513.1099853515625,503.82000732421875,506.44000244140625,3462000
2021-03-10,NFLX,513.5,518.969970703125,504.25,504.5400085449219,3768900
2021-03-11,NFLX,512.2000122070312,530.239990234375,510.7099914550781,523.0599975585938,4711000
2021-03-12,NFLX,512.5,526.510009765625,506.5899963378906,518.02001953125,3980300
2021-03-15,NFLX,516.3200073242188,520.72998046875,508.0299987792969,520.25,3484300
2021-03-16,NFLX,524.469970703125,533.4199829101562,523.2100219726562,524.030029296875,3216800
2021-03-17,NFLX,522.0,528.3699951171875,514.2999877929688,524.4400024414062,2792800
2021-03-18,NFLX,516.4000244140625,517.9000244140625,503.8500061035156,504.7900085449219,4094500
2021-03-19,NFLX,504.9599914550781,513.1900024414062,501.6300048828125,512.1799926757812,4384500
2021-03-22,NFLX,509.1300048828125,529.3099975585938,509.1300048828125,523.1099853515625,3360600
2021-03-23,NFLX,529.8699951171875,543.1199951171875,529.4000244140625,535.0900268554688,5583500
2021-03-24,NFLX,533.780029296875,534.4199829101562,520.0,520.8099975585938,4102200
2021-03-25,NFLX,516.989990234375,518.530029296875,497.0,502.8599853515625,4926800
2021-03-26,NFLX,502.82000732421875,508.7200012207031,496.67999267578125,508.04998779296875,3464200
2021-03-29,NFLX,505.6600036621094,518.0,504.3999938964844,513.9500122070312,3330000
2021-03-30,NFLX,510.510009765625,514.4099731445312,506.9100036621094,513.3900146484375,2418100
2021-03-31,NFLX,515.6699829101562,528.1300048828125,515.4400024414062,521.6599731445312,3503100
2021-04-01,NFLX,529.9299926757812,540.5,527.030029296875,539.4199829101562,3938600
2021-04-05,NFLX,540.010009765625,542.8499755859375,529.22998046875,540.6699829101562,3355900
2021-04-06,NFLX,544.8099975585938,554.1699829101562,543.2999877929688,544.530029296875,3474200
2021-04-07,NFLX,543.5,549.6400146484375,541.4500122070312,546.989990234375,2151300
2021-04-08,NFLX,551.1300048828125,556.9000244140625,547.5700073242188,554.5800170898438,4309800
2021-04-09,NFLX,552.6900024414062,556.9000244140625,547.1099853515625,555.3099975585938,2886600
2021-04-12,NFLX,551.0499877929688,557.97998046875,549.5800170898438,552.780029296875,2944100
2021-04-13,NFLX,557.0,559.75,550.2999877929688,553.72998046875,2720300
2021-04-14,NFLX,554.8699951171875,554.8699951171875,538.530029296875,540.02001953125,3740300
2021-04-15,NFLX,544.1699829101562,553.489990234375,542.6599731445312,549.219970703125,3139100
2021-04-16,NFLX,550.5399780273438,551.97998046875,539.510009765625,546.5399780273438,3206000
2021-04-19,NFLX,546.9000244140625,556.4400024414062,545.530029296875,554.4400024414062,4288700
2021-04-20,NFLX,554.4199829101562,563.5599975585938,546.2999877929688,549.5700073242188,11257600
2021-04-21,NFLX,508.0,515.4600219726562,503.6000061035156,508.8999938964844,22897400
2021-04-22,NFLX,513.8200073242188,513.9600219726562,500.54998779296875,508.7799987792969,9061100
2021-04-23,NFLX,509.010009765625,509.70001220703125,500.70001220703125,505.54998779296875,7307700
2021-04-26,NFLX,506.760009765625,510.4800109863281,503.0,510.29998779296875,4381900